[["Map",1,2,9,10],"meta::meta",["Map",3,4,5,6,7,8],"astro-version","5.2.5","content-config-digest","8d1b7566f4d3c391","astro-config-digest","{\"root\":{},\"srcDir\":{},\"publicDir\":{},\"outDir\":{},\"cacheDir\":{},\"site\":\"https://example.com\",\"compressHTML\":true,\"base\":\"/\",\"trailingSlash\":\"ignore\",\"output\":\"static\",\"scopedStyleStrategy\":\"attribute\",\"build\":{\"format\":\"directory\",\"client\":{},\"server\":{},\"assets\":\"_astro\",\"serverEntry\":\"entry.mjs\",\"redirects\":true,\"inlineStylesheets\":\"auto\",\"concurrency\":1},\"server\":{\"open\":false,\"host\":false,\"port\":4321,\"streaming\":true},\"redirects\":{},\"image\":{\"endpoint\":{\"route\":\"/_image\"},\"service\":{\"entrypoint\":\"astro/assets/services/sharp\",\"config\":{}},\"domains\":[],\"remotePatterns\":[]},\"devToolbar\":{\"enabled\":true},\"markdown\":{\"syntaxHighlight\":\"shiki\",\"shikiConfig\":{\"langs\":[],\"langAlias\":{},\"theme\":\"github-dark\",\"themes\":{},\"wrap\":false,\"transformers\":[]},\"remarkPlugins\":[],\"rehypePlugins\":[],\"remarkRehype\":{},\"gfm\":true,\"smartypants\":true},\"security\":{\"checkOrigin\":true},\"env\":{\"schema\":{},\"validateSecrets\":false},\"experimental\":{\"clientPrerender\":false,\"contentIntellisense\":false,\"responsiveImages\":false,\"serializeConfig\":false},\"legacy\":{\"collections\":false}}","blog",["Map",11,12,22,23,38,39,52,53],"using-mdx",{"id":11,"data":13,"body":18,"filePath":19,"digest":20,"deferredRender":21},{"title":14,"description":15,"pubDate":16,"heroImage":17},"Using MDX","Lorem ipsum dolor sit amet",["Date","2024-05-31T20:30:00.000Z"],"/blog-placeholder-5.jpg","This theme comes with the [@astrojs/mdx](https://docs.astro.build/en/guides/integrations-guide/mdx/) integration installed and configured in your `astro.config.mjs` config file. If you prefer not to use MDX, you can disable support by removing the integration from your config file.\n\n## Why MDX?\n\nMDX is a special flavor of Markdown that supports embedded JavaScript & JSX syntax. This unlocks the ability to [mix JavaScript and UI Components into your Markdown content](https://docs.astro.build/en/guides/markdown-content/#mdx-features) for things like interactive charts or alerts.\n\nIf you have existing content authored in MDX, this integration will hopefully make migrating to Astro a breeze.\n\n## Example\n\nHere is how you import and use a UI component inside of MDX.  \nWhen you open this page in the browser, you should see the clickable button below.\n\nimport HeaderLink from '../../components/HeaderLink.astro';\n\n\u003CHeaderLink href=\"#\" onclick=\"alert('clicked!')\">\n\tEmbedded component in MDX\n\u003C/HeaderLink>\n\n## More Links\n\n- [MDX Syntax Documentation](https://mdxjs.com/docs/what-is-mdx)\n- [Astro Usage Documentation](https://docs.astro.build/en/guides/markdown-content/#markdown-and-mdx-pages)\n- **Note:** [Client Directives](https://docs.astro.build/en/reference/directives-reference/#client-directives) are still required to create interactive components. Otherwise, all components in your MDX will render as static HTML (no JavaScript) by default.","src/content/blog/using-mdx.mdx","e841a54ebe3d0df7",true,"first-post",{"id":22,"data":24,"body":28,"filePath":29,"digest":30,"rendered":31},{"title":25,"description":15,"pubDate":26,"heroImage":27},"First post",["Date","2022-07-07T19:30:00.000Z"],"/blog-placeholder-3.jpg","Lorem ipsum dolor sit amet, consectetur adipiscing elit, sed do eiusmod tempor incididunt ut labore et dolore magna aliqua. Vitae ultricies leo integer malesuada nunc vel risus commodo viverra. Adipiscing enim eu turpis egestas pretium. Euismod elementum nisi quis eleifend quam adipiscing. In hac habitasse platea dictumst vestibulum. Sagittis purus sit amet volutpat. Netus et malesuada fames ac turpis egestas. Eget magna fermentum iaculis eu non diam phasellus vestibulum lorem. Varius sit amet mattis vulputate enim. Habitasse platea dictumst quisque sagittis. Integer quis auctor elit sed vulputate mi. Dictumst quisque sagittis purus sit amet.\n\nMorbi tristique senectus et netus. Id semper risus in hendrerit gravida rutrum quisque non tellus. Habitasse platea dictumst quisque sagittis purus sit amet. Tellus molestie nunc non blandit massa. Cursus vitae congue mauris rhoncus. Accumsan tortor posuere ac ut. Fringilla urna porttitor rhoncus dolor. Elit ullamcorper dignissim cras tincidunt lobortis. In cursus turpis massa tincidunt dui ut ornare lectus. Integer feugiat scelerisque varius morbi enim nunc. Bibendum neque egestas congue quisque egestas diam. Cras ornare arcu dui vivamus arcu felis bibendum. Dignissim suspendisse in est ante in nibh mauris. Sed tempus urna et pharetra pharetra massa massa ultricies mi.\n\nMollis nunc sed id semper risus in. Convallis a cras semper auctor neque. Diam sit amet nisl suscipit. Lacus viverra vitae congue eu consequat ac felis donec. Egestas integer eget aliquet nibh praesent tristique magna sit amet. Eget magna fermentum iaculis eu non diam. In vitae turpis massa sed elementum. Tristique et egestas quis ipsum suspendisse ultrices. Eget lorem dolor sed viverra ipsum. Vel turpis nunc eget lorem dolor sed viverra. Posuere ac ut consequat semper viverra nam. Laoreet suspendisse interdum consectetur libero id faucibus. Diam phasellus vestibulum lorem sed risus ultricies tristique. Rhoncus dolor purus non enim praesent elementum facilisis. Ultrices tincidunt arcu non sodales neque. Tempus egestas sed sed risus pretium quam vulputate. Viverra suspendisse potenti nullam ac tortor vitae purus faucibus ornare. Fringilla urna porttitor rhoncus dolor purus non. Amet dictum sit amet justo donec enim.\n\nMattis ullamcorper velit sed ullamcorper morbi tincidunt. Tortor posuere ac ut consequat semper viverra. Tellus mauris a diam maecenas sed enim ut sem viverra. Venenatis urna cursus eget nunc scelerisque viverra mauris in. Arcu ac tortor dignissim convallis aenean et tortor at. Curabitur gravida arcu ac tortor dignissim convallis aenean et tortor. Egestas tellus rutrum tellus pellentesque eu. Fusce ut placerat orci nulla pellentesque dignissim enim sit amet. Ut enim blandit volutpat maecenas volutpat blandit aliquam etiam. Id donec ultrices tincidunt arcu. Id cursus metus aliquam eleifend mi.\n\nTempus quam pellentesque nec nam aliquam sem. Risus at ultrices mi tempus imperdiet. Id porta nibh venenatis cras sed felis eget velit. Ipsum a arcu cursus vitae. Facilisis magna etiam tempor orci eu lobortis elementum. Tincidunt dui ut ornare lectus sit. Quisque non tellus orci ac. Blandit libero volutpat sed cras. Nec tincidunt praesent semper feugiat nibh sed pulvinar proin gravida. Egestas integer eget aliquet nibh praesent tristique magna.","src/content/blog/first-post.md","75e7f8a4695b714a",{"html":32,"metadata":33},"\u003Cp>Lorem ipsum dolor sit amet, consectetur adipiscing elit, sed do eiusmod tempor incididunt ut labore et dolore magna aliqua. Vitae ultricies leo integer malesuada nunc vel risus commodo viverra. Adipiscing enim eu turpis egestas pretium. Euismod elementum nisi quis eleifend quam adipiscing. In hac habitasse platea dictumst vestibulum. Sagittis purus sit amet volutpat. Netus et malesuada fames ac turpis egestas. Eget magna fermentum iaculis eu non diam phasellus vestibulum lorem. Varius sit amet mattis vulputate enim. Habitasse platea dictumst quisque sagittis. Integer quis auctor elit sed vulputate mi. Dictumst quisque sagittis purus sit amet.\u003C/p>\n\u003Cp>Morbi tristique senectus et netus. Id semper risus in hendrerit gravida rutrum quisque non tellus. Habitasse platea dictumst quisque sagittis purus sit amet. Tellus molestie nunc non blandit massa. Cursus vitae congue mauris rhoncus. Accumsan tortor posuere ac ut. Fringilla urna porttitor rhoncus dolor. Elit ullamcorper dignissim cras tincidunt lobortis. In cursus turpis massa tincidunt dui ut ornare lectus. Integer feugiat scelerisque varius morbi enim nunc. Bibendum neque egestas congue quisque egestas diam. Cras ornare arcu dui vivamus arcu felis bibendum. Dignissim suspendisse in est ante in nibh mauris. Sed tempus urna et pharetra pharetra massa massa ultricies mi.\u003C/p>\n\u003Cp>Mollis nunc sed id semper risus in. Convallis a cras semper auctor neque. Diam sit amet nisl suscipit. Lacus viverra vitae congue eu consequat ac felis donec. Egestas integer eget aliquet nibh praesent tristique magna sit amet. Eget magna fermentum iaculis eu non diam. In vitae turpis massa sed elementum. Tristique et egestas quis ipsum suspendisse ultrices. Eget lorem dolor sed viverra ipsum. Vel turpis nunc eget lorem dolor sed viverra. Posuere ac ut consequat semper viverra nam. Laoreet suspendisse interdum consectetur libero id faucibus. Diam phasellus vestibulum lorem sed risus ultricies tristique. Rhoncus dolor purus non enim praesent elementum facilisis. Ultrices tincidunt arcu non sodales neque. Tempus egestas sed sed risus pretium quam vulputate. Viverra suspendisse potenti nullam ac tortor vitae purus faucibus ornare. Fringilla urna porttitor rhoncus dolor purus non. Amet dictum sit amet justo donec enim.\u003C/p>\n\u003Cp>Mattis ullamcorper velit sed ullamcorper morbi tincidunt. Tortor posuere ac ut consequat semper viverra. Tellus mauris a diam maecenas sed enim ut sem viverra. Venenatis urna cursus eget nunc scelerisque viverra mauris in. Arcu ac tortor dignissim convallis aenean et tortor at. Curabitur gravida arcu ac tortor dignissim convallis aenean et tortor. Egestas tellus rutrum tellus pellentesque eu. Fusce ut placerat orci nulla pellentesque dignissim enim sit amet. Ut enim blandit volutpat maecenas volutpat blandit aliquam etiam. Id donec ultrices tincidunt arcu. Id cursus metus aliquam eleifend mi.\u003C/p>\n\u003Cp>Tempus quam pellentesque nec nam aliquam sem. Risus at ultrices mi tempus imperdiet. Id porta nibh venenatis cras sed felis eget velit. Ipsum a arcu cursus vitae. Facilisis magna etiam tempor orci eu lobortis elementum. Tincidunt dui ut ornare lectus sit. Quisque non tellus orci ac. Blandit libero volutpat sed cras. Nec tincidunt praesent semper feugiat nibh sed pulvinar proin gravida. Egestas integer eget aliquet nibh praesent tristique magna.\u003C/p>",{"headings":34,"imagePaths":35,"frontmatter":36},[],[],{"title":25,"description":15,"pubDate":37,"heroImage":27},"Jul 08 2022","second-post",{"id":38,"data":40,"body":28,"filePath":44,"digest":45,"rendered":46},{"title":41,"description":15,"pubDate":42,"heroImage":43},"Second post",["Date","2022-07-14T19:30:00.000Z"],"/blog-placeholder-4.jpg","src/content/blog/second-post.md","7d0b307575643987",{"html":32,"metadata":47},{"headings":48,"imagePaths":49,"frontmatter":50},[],[],{"title":41,"description":15,"pubDate":51,"heroImage":43},"Jul 15 2022","third-post",{"id":52,"data":54,"body":28,"filePath":58,"digest":59,"rendered":60},{"title":55,"description":15,"pubDate":56,"heroImage":57},"Third post",["Date","2022-07-21T19:30:00.000Z"],"/blog-placeholder-2.jpg","src/content/blog/third-post.md","0136288906671273",{"html":32,"metadata":61},{"headings":62,"imagePaths":63,"frontmatter":64},[],[],{"title":55,"description":15,"pubDate":65,"heroImage":57},"Jul 22 2022"]